,issues_closed,issues_open,pulls_closed,pulls_open,forks,stargazers,subscribers,contributors,commits,total_commits,pypi_daily,pypi_180_cumulative,updated_on
2020-12-13,0.0,0.0,0.0,0.0,0.0,0.0,0.0,0.0,5,0.0,0.0,0.0,2024-11-20
2020-12-20,0.0,0.0,0.0,0.0,0.0,0.0,0.0,0.0,31,0.0,0.0,0.0,2024-11-20
2020-12-27,0.0,0.0,0.0,0.0,0.0,0.0,0.0,0.0,2,0.0,0.0,0.0,2024-11-20
2021-01-03,0.0,0.0,0.0,0.0,0.0,0.0,0.0,0.0,0,0.0,0.0,0.0,2024-11-20
2021-01-10,0.0,0.0,0.0,0.0,0.0,0.0,0.0,0.0,1,0.0,0.0,0.0,2024-11-20
2021-01-17,0.0,0.0,0.0,0.0,0.0,0.0,0.0,0.0,22,0.0,0.0,0.0,2024-11-20
2021-01-24,0.0,0.0,0.0,0.0,0.0,0.0,0.0,0.0,6,0.0,0.0,0.0,2024-11-20
2021-01-31,0.0,0.0,0.0,0.0,0.0,0.0,0.0,0.0,5,0.0,0.0,0.0,2024-11-20
2021-02-07,0.0,0.0,0.0,0.0,0.0,0.0,0.0,0.0,20,0.0,0.0,0.0,2024-11-20
2021-02-14,0.0,0.0,0.0,0.0,0.0,0.0,0.0,0.0,7,0.0,0.0,0.0,2024-11-20
2021-02-21,0.0,0.0,0.0,0.0,0.0,0.0,0.0,0.0,4,0.0,0.0,0.0,2024-11-20
2021-02-28,0.0,0.0,0.0,0.0,0.0,0.0,0.0,0.0,4,0.0,0.0,0.0,2024-11-20
2021-03-07,0.0,0.0,0.0,0.0,0.0,0.0,0.0,0.0,0,0.0,0.0,0.0,2024-11-20
2021-03-14,0.0,0.0,0.0,0.0,0.0,0.0,0.0,0.0,0,0.0,0.0,0.0,2024-11-20
2021-03-21,0.0,0.0,0.0,0.0,0.0,0.0,0.0,0.0,0,0.0,0.0,0.0,2024-11-20
2021-03-28,0.0,0.0,0.0,0.0,0.0,0.0,0.0,0.0,0,0.0,0.0,0.0,2024-11-20
2021-04-04,0.0,0.0,0.0,0.0,0.0,0.0,0.0,0.0,19,0.0,0.0,0.0,2024-11-20
2021-04-11,0.0,0.0,0.0,0.0,0.0,0.0,0.0,0.0,6,0.0,0.0,0.0,2024-11-20
2021-04-18,0.0,0.0,0.0,0.0,0.0,0.0,0.0,0.0,3,0.0,0.0,0.0,2024-11-20
2021-04-25,0.0,0.0,0.0,0.0,0.0,0.0,0.0,0.0,5,0.0,0.0,0.0,2024-11-20
2021-05-02,0.0,0.0,0.0,0.0,0.0,0.0,0.0,0.0,0,0.0,0.0,0.0,2024-11-20
2021-05-09,0.0,0.0,0.0,0.0,0.0,0.0,0.0,0.0,4,0.0,0.0,0.0,2024-11-20
2021-05-16,0.0,0.0,0.0,0.0,0.0,0.0,0.0,0.0,0,0.0,0.0,0.0,2024-11-20
2021-05-23,0.0,0.0,0.0,0.0,0.0,0.0,0.0,0.0,0,0.0,0.0,0.0,2024-11-20
2021-05-30,0.0,0.0,0.0,0.0,0.0,0.0,0.0,0.0,0,0.0,0.0,0.0,2024-11-20
2021-06-06,0.0,0.0,0.0,0.0,0.0,0.0,0.0,0.0,0,0.0,0.0,0.0,2024-11-20
2021-06-13,0.0,0.0,0.0,0.0,0.0,0.0,0.0,0.0,0,0.0,0.0,0.0,2024-11-20
2021-06-20,0.0,0.0,0.0,0.0,0.0,0.0,0.0,0.0,0,0.0,0.0,0.0,2024-11-20
2021-06-27,0.0,0.0,0.0,0.0,0.0,0.0,0.0,0.0,0,0.0,0.0,0.0,2024-11-20
2021-07-04,0.0,0.0,0.0,0.0,0.0,0.0,0.0,0.0,0,0.0,0.0,0.0,2024-11-20
2021-07-11,0.0,0.0,0.0,0.0,0.0,0.0,0.0,0.0,0,0.0,0.0,0.0,2024-11-20
2021-07-18,0.0,0.0,0.0,0.0,0.0,0.0,0.0,0.0,1,0.0,0.0,0.0,2024-11-20
2021-07-25,0.0,0.0,0.0,0.0,0.0,0.0,0.0,0.0,0,0.0,0.0,0.0,2024-11-20
2021-08-01,0.0,0.0,0.0,0.0,0.0,0.0,0.0,0.0,0,0.0,0.0,0.0,2024-11-20
2021-08-08,0.0,0.0,0.0,0.0,0.0,0.0,0.0,0.0,0,0.0,0.0,0.0,2024-11-20
2021-08-15,0.0,0.0,0.0,0.0,0.0,0.0,0.0,0.0,0,0.0,0.0,0.0,2024-11-20
2021-08-22,0.0,0.0,0.0,0.0,0.0,0.0,0.0,0.0,0,0.0,0.0,0.0,2024-11-20
2021-08-29,0.0,0.0,0.0,0.0,0.0,0.0,0.0,0.0,7,0.0,0.0,0.0,2024-11-20
2021-09-05,0.0,0.0,0.0,0.0,0.0,0.0,0.0,0.0,0,0.0,0.0,0.0,2024-11-20
2021-09-12,0.0,0.0,0.0,0.0,0.0,0.0,0.0,0.0,7,0.0,0.0,0.0,2024-11-20
2021-09-19,0.0,0.0,0.0,0.0,0.0,0.0,0.0,0.0,1,0.0,0.0,0.0,2024-11-20
2021-09-26,0.0,0.0,0.0,0.0,0.0,0.0,0.0,0.0,1,0.0,0.0,0.0,2024-11-20
2021-10-03,0.0,0.0,0.0,0.0,0.0,0.0,0.0,0.0,0,0.0,0.0,0.0,2024-11-20
2021-10-10,0.0,0.0,0.0,0.0,0.0,0.0,0.0,0.0,0,0.0,0.0,0.0,2024-11-20
2021-10-17,0.0,0.0,0.0,0.0,0.0,0.0,0.0,0.0,0,0.0,0.0,0.0,2024-11-20
2021-10-24,0.0,0.0,0.0,0.0,0.0,0.0,0.0,0.0,0,0.0,0.0,0.0,2024-11-20
2021-10-31,0.0,0.0,0.0,0.0,0.0,0.0,0.0,0.0,0,0.0,0.0,0.0,2024-11-20
2021-11-07,0.0,0.0,0.0,0.0,0.0,0.0,0.0,0.0,0,0.0,0.0,0.0,2024-11-20
2021-11-14,0.0,0.0,0.0,0.0,0.0,0.0,0.0,0.0,0,0.0,0.0,0.0,2024-11-20
2021-11-21,0.0,0.0,0.0,0.0,0.0,0.0,0.0,0.0,0,0.0,0.0,0.0,2024-11-20
2021-11-28,0.0,0.0,0.0,0.0,0.0,0.0,0.0,0.0,0,0.0,0.0,0.0,2024-11-20
2021-12-05,0.0,0.0,0.0,0.0,0.0,0.0,0.0,0.0,0,0.0,0.0,0.0,2024-11-20
2021-12-12,0.0,0.0,0.0,0.0,0.0,0.0,0.0,0.0,0,0.0,0.0,0.0,2024-11-20
2021-12-19,0.0,0.0,0.0,0.0,0.0,0.0,0.0,0.0,0,0.0,0.0,0.0,2024-11-20
2021-12-26,0.0,0.0,0.0,0.0,0.0,0.0,0.0,0.0,1,0.0,0.0,0.0,2024-11-20
2022-01-02,0.0,0.0,0.0,0.0,0.0,0.0,0.0,0.0,1,0.0,0.0,0.0,2024-11-20
2022-01-09,0.0,0.0,0.0,0.0,0.0,0.0,0.0,0.0,0,0.0,0.0,0.0,2024-11-20
2022-01-16,0.0,0.0,0.0,0.0,0.0,0.0,0.0,0.0,0,0.0,0.0,0.0,2024-11-20
2022-01-23,0.0,0.0,0.0,0.0,0.0,0.0,0.0,0.0,20,0.0,0.0,0.0,2024-11-20
2022-01-30,0.0,0.0,0.0,0.0,0.0,0.0,0.0,0.0,8,0.0,0.0,0.0,2024-11-20
2022-02-06,0.0,0.0,0.0,0.0,0.0,0.0,0.0,0.0,12,0.0,0.0,0.0,2024-11-20
2022-02-13,0.0,0.0,0.0,0.0,0.0,0.0,0.0,0.0,1,0.0,0.0,0.0,2024-11-20
2022-02-20,0.0,0.0,0.0,0.0,0.0,0.0,0.0,0.0,13,0.0,0.0,0.0,2024-11-20
2022-02-27,0.0,0.0,0.0,0.0,0.0,0.0,0.0,0.0,23,0.0,0.0,0.0,2024-11-20
2022-03-06,0.0,0.0,0.0,0.0,0.0,0.0,0.0,0.0,0,0.0,0.0,0.0,2024-11-20
2022-03-13,0.0,0.0,0.0,0.0,0.0,0.0,0.0,0.0,6,0.0,0.0,0.0,2024-11-20
2022-03-20,0.0,0.0,0.0,0.0,0.0,0.0,0.0,0.0,2,0.0,0.0,0.0,2024-11-20
2022-03-27,0.0,0.0,0.0,0.0,0.0,0.0,0.0,0.0,0,0.0,0.0,0.0,2024-11-20
2022-04-03,0.0,0.0,0.0,0.0,0.0,0.0,0.0,0.0,2,0.0,0.0,0.0,2024-11-20
2022-04-10,0.0,0.0,0.0,0.0,0.0,0.0,0.0,0.0,5,0.0,0.0,0.0,2024-11-20
2022-04-17,0.0,0.0,0.0,0.0,0.0,0.0,0.0,0.0,0,0.0,0.0,0.0,2024-11-20
2022-04-24,0.0,0.0,0.0,0.0,0.0,0.0,0.0,0.0,0,0.0,0.0,0.0,2024-11-20
2022-05-01,0.0,0.0,0.0,0.0,0.0,0.0,0.0,0.0,0,0.0,0.0,0.0,2024-11-20
2022-05-08,0.0,0.0,0.0,0.0,0.0,0.0,0.0,0.0,0,0.0,0.0,0.0,2024-11-20
2022-05-15,0.0,0.0,0.0,0.0,0.0,0.0,0.0,0.0,0,0.0,0.0,0.0,2024-11-20
2022-05-22,0.0,0.0,0.0,0.0,0.0,0.0,0.0,0.0,0,0.0,0.0,0.0,2024-11-20
2022-05-29,0.0,0.0,0.0,0.0,0.0,0.0,0.0,0.0,2,0.0,0.0,0.0,2024-11-20
2022-06-05,0.0,0.0,0.0,0.0,0.0,0.0,0.0,0.0,0,0.0,0.0,0.0,2024-11-20
2022-06-12,0.0,0.0,0.0,0.0,0.0,0.0,0.0,0.0,0,0.0,0.0,0.0,2024-11-20
2022-06-19,0.0,0.0,0.0,0.0,0.0,0.0,0.0,0.0,0,0.0,0.0,0.0,2024-11-20
2022-06-26,0.0,0.0,0.0,0.0,0.0,0.0,0.0,0.0,0,0.0,0.0,0.0,2024-11-20
2022-07-03,0.0,0.0,0.0,0.0,0.0,0.0,0.0,0.0,0,0.0,0.0,0.0,2024-11-20
2022-07-10,0.0,0.0,0.0,0.0,0.0,0.0,0.0,0.0,0,0.0,0.0,0.0,2024-11-20
2022-07-17,0.0,0.0,0.0,0.0,0.0,0.0,0.0,0.0,0,0.0,0.0,0.0,2024-11-20
2022-07-24,0.0,0.0,0.0,0.0,0.0,0.0,0.0,0.0,0,0.0,0.0,0.0,2024-11-20
2022-07-31,0.0,0.0,0.0,0.0,0.0,0.0,0.0,0.0,0,0.0,0.0,0.0,2024-11-20
2022-08-07,0.0,0.0,0.0,0.0,0.0,0.0,0.0,0.0,0,0.0,0.0,0.0,2024-11-20
2022-08-14,0.0,0.0,0.0,0.0,0.0,0.0,0.0,0.0,0,0.0,0.0,0.0,2024-11-20
2022-08-21,0.0,0.0,0.0,0.0,0.0,0.0,0.0,0.0,4,0.0,0.0,0.0,2024-11-20
2022-08-28,0.0,0.0,0.0,0.0,0.0,0.0,0.0,0.0,1,0.0,0.0,0.0,2024-11-20
2022-09-04,0.0,0.0,0.0,0.0,0.0,0.0,0.0,0.0,0,0.0,0.0,0.0,2024-11-20
2022-09-11,0.0,0.0,0.0,0.0,0.0,0.0,0.0,0.0,0,0.0,0.0,0.0,2024-11-20
2022-09-18,0.0,0.0,0.0,0.0,0.0,0.0,0.0,0.0,2,0.0,0.0,0.0,2024-11-20
2022-09-25,0.0,0.0,0.0,0.0,0.0,0.0,0.0,0.0,0,0.0,0.0,0.0,2024-11-20
2022-10-02,0.0,0.0,0.0,0.0,0.0,0.0,0.0,0.0,0,0.0,0.0,0.0,2024-11-20
2022-10-09,0.0,0.0,0.0,0.0,0.0,0.0,0.0,0.0,0,0.0,0.0,0.0,2024-11-20
2022-10-16,0.0,0.0,0.0,0.0,0.0,0.0,0.0,0.0,0,0.0,0.0,0.0,2024-11-20
2022-10-23,0.0,0.0,0.0,0.0,0.0,0.0,0.0,0.0,0,0.0,0.0,0.0,2024-11-20
2022-10-30,0.0,0.0,0.0,0.0,0.0,0.0,0.0,0.0,0,0.0,0.0,0.0,2024-11-20
2022-11-06,0.0,0.0,0.0,0.0,0.0,0.0,0.0,0.0,0,0.0,0.0,0.0,2024-11-20
2022-11-13,0.0,0.0,0.0,0.0,0.0,0.0,0.0,0.0,0,0.0,0.0,0.0,2024-11-20
2022-11-20,0.0,0.0,0.0,0.0,0.0,0.0,0.0,0.0,4,0.0,0.0,0.0,2024-11-20
2022-11-27,0.0,0.0,0.0,0.0,0.0,0.0,0.0,0.0,0,0.0,0.0,0.0,2024-11-20
2022-12-04,0.0,0.0,0.0,0.0,0.0,0.0,0.0,0.0,0,0.0,0.0,0.0,2024-11-20
2022-12-11,0.0,0.0,0.0,0.0,0.0,0.0,0.0,0.0,0,0.0,0.0,0.0,2024-11-20
2022-12-18,0.0,0.0,0.0,0.0,0.0,0.0,0.0,0.0,0,0.0,0.0,0.0,2024-11-20
2022-12-25,0.0,0.0,0.0,0.0,0.0,0.0,0.0,0.0,0,0.0,0.0,0.0,2024-11-20
2023-01-01,0.0,0.0,0.0,0.0,0.0,0.0,0.0,0.0,2,0.0,0.0,0.0,2024-11-20
2023-01-08,0.0,0.0,0.0,0.0,0.0,0.0,0.0,0.0,0,0.0,0.0,0.0,2024-11-20
2023-01-15,0.0,0.0,0.0,0.0,0.0,0.0,0.0,0.0,0,0.0,0.0,0.0,2024-11-20
2023-01-22,0.0,0.0,0.0,0.0,0.0,0.0,0.0,0.0,0,0.0,0.0,0.0,2024-11-20
2023-01-29,0.0,0.0,0.0,0.0,0.0,0.0,0.0,0.0,0,0.0,0.0,0.0,2024-11-20
2023-02-05,0.0,0.0,0.0,0.0,0.0,0.0,0.0,0.0,2,0.0,0.0,0.0,2024-11-20
2023-02-12,0.0,0.0,0.0,0.0,0.0,0.0,0.0,0.0,0,0.0,0.0,0.0,2024-11-20
2023-02-19,0.0,0.0,0.0,0.0,0.0,0.0,0.0,0.0,2,0.0,0.0,0.0,2024-11-20
2023-02-26,0.0,0.0,0.0,0.0,0.0,0.0,0.0,0.0,0,0.0,0.0,0.0,2024-11-20
2023-03-05,0.0,0.0,0.0,0.0,0.0,0.0,0.0,0.0,0,0.0,0.0,0.0,2024-11-20
2023-03-12,0.0,0.0,0.0,0.0,0.0,0.0,0.0,0.0,0,0.0,0.0,0.0,2024-11-20
2023-03-19,0.0,0.0,0.0,0.0,0.0,0.0,0.0,0.0,0,0.0,0.0,0.0,2024-11-20
2023-03-26,0.0,0.0,0.0,0.0,0.0,0.0,0.0,0.0,0,0.0,0.0,0.0,2024-11-20
2023-04-02,0.0,0.0,0.0,0.0,0.0,0.0,0.0,0.0,0,0.0,0.0,0.0,2024-11-20
2023-04-09,0.0,0.0,0.0,0.0,0.0,0.0,0.0,0.0,0,0.0,0.0,0.0,2024-11-20
2023-04-16,0.0,0.0,0.0,0.0,0.0,0.0,0.0,0.0,0,0.0,0.0,0.0,2024-11-20
2023-04-23,0.0,0.0,0.0,0.0,0.0,0.0,0.0,0.0,0,0.0,0.0,0.0,2024-11-20
2023-04-30,0.0,0.0,0.0,0.0,0.0,0.0,0.0,0.0,0,0.0,0.0,0.0,2024-11-20
2023-05-07,0.0,0.0,0.0,0.0,0.0,0.0,0.0,0.0,0,0.0,0.0,0.0,2024-11-20
2023-05-14,0.0,0.0,0.0,0.0,0.0,0.0,0.0,0.0,0,0.0,0.0,0.0,2024-11-20
2023-05-21,0.0,0.0,0.0,0.0,0.0,0.0,0.0,0.0,0,0.0,0.0,0.0,2024-11-20
2023-05-28,0.0,0.0,0.0,0.0,0.0,0.0,0.0,0.0,0,0.0,0.0,0.0,2024-11-20
2023-06-04,0.0,0.0,0.0,0.0,0.0,0.0,0.0,0.0,1,0.0,0.0,0.0,2024-11-20
2023-06-11,0.0,0.0,0.0,0.0,0.0,0.0,0.0,0.0,0,0.0,0.0,0.0,2024-11-20
2023-06-18,0.0,0.0,0.0,0.0,0.0,0.0,0.0,0.0,4,0.0,0.0,0.0,2024-11-20
2023-06-25,0.0,0.0,0.0,0.0,0.0,0.0,0.0,0.0,7,0.0,0.0,0.0,2024-11-20
2023-07-02,0.0,0.0,0.0,0.0,0.0,0.0,0.0,0.0,6,0.0,0.0,0.0,2024-11-20
2023-07-09,0.0,0.0,0.0,0.0,0.0,0.0,0.0,0.0,0,0.0,0.0,0.0,2024-11-20
2023-07-16,0.0,0.0,0.0,0.0,0.0,0.0,0.0,0.0,1,0.0,0.0,0.0,2024-11-20
2023-07-23,0.0,0.0,0.0,0.0,0.0,0.0,0.0,0.0,1,0.0,0.0,0.0,2024-11-20
2023-07-30,0.0,0.0,0.0,0.0,0.0,0.0,0.0,0.0,0,0.0,0.0,0.0,2024-11-20
2023-08-06,0.0,0.0,0.0,0.0,0.0,0.0,0.0,0.0,0,0.0,0.0,0.0,2024-11-20
2023-08-13,0.0,0.0,0.0,0.0,0.0,0.0,0.0,0.0,0,0.0,0.0,0.0,2024-11-20
2023-08-20,0.0,0.0,0.0,0.0,0.0,0.0,0.0,0.0,3,0.0,0.0,0.0,2024-11-20
2023-08-27,0.0,0.0,0.0,0.0,0.0,0.0,0.0,0.0,2,0.0,0.0,0.0,2024-11-20
2023-09-03,0.0,0.0,0.0,0.0,0.0,0.0,0.0,0.0,0,0.0,0.0,0.0,2024-11-20
2023-09-10,0.0,0.0,0.0,0.0,0.0,0.0,0.0,0.0,2,0.0,0.0,0.0,2024-11-20
2023-09-17,0.0,0.0,0.0,0.0,0.0,0.0,0.0,0.0,2,0.0,0.0,0.0,2024-11-20
2023-09-24,0.0,0.0,0.0,0.0,0.0,0.0,0.0,0.0,0,0.0,0.0,0.0,2024-11-20
2023-10-01,0.0,0.0,0.0,0.0,0.0,0.0,0.0,0.0,0,0.0,0.0,0.0,2024-11-20
2023-10-08,0.0,0.0,0.0,0.0,0.0,0.0,0.0,0.0,0,0.0,0.0,0.0,2024-11-20
2023-10-15,0.0,0.0,0.0,0.0,0.0,0.0,0.0,0.0,0,0.0,0.0,0.0,2024-11-20
2023-10-22,0.0,0.0,0.0,0.0,0.0,0.0,0.0,0.0,0,0.0,0.0,0.0,2024-11-20
2023-10-29,0.0,0.0,0.0,0.0,0.0,0.0,0.0,0.0,0,0.0,0.0,0.0,2024-11-20
2023-11-05,0.0,0.0,0.0,0.0,0.0,0.0,0.0,0.0,0,0.0,0.0,0.0,2024-11-20
2023-11-12,0.0,0.0,0.0,0.0,0.0,0.0,0.0,0.0,0,0.0,0.0,0.0,2024-11-20
2023-11-19,0.0,0.0,0.0,0.0,0.0,0.0,0.0,0.0,0,0.0,0.0,0.0,2024-11-20
2023-11-26,0.0,0.0,0.0,0.0,0.0,0.0,0.0,0.0,0,0.0,0.0,0.0,2024-11-20
2023-12-03,0.0,0.0,0.0,0.0,0.0,0.0,0.0,0.0,0,0.0,0.0,0.0,2024-11-20
2023-12-10,0.0,0.0,0.0,0.0,0.0,0.0,0.0,0.0,0,0.0,0.0,0.0,2024-11-20
2023-12-17,0.0,0.0,0.0,0.0,0.0,0.0,0.0,0.0,0,0.0,0.0,0.0,2024-11-20
2023-12-24,0.0,0.0,0.0,0.0,0.0,0.0,0.0,0.0,0,0.0,0.0,0.0,2024-11-20
2023-12-31,0.0,0.0,0.0,0.0,0.0,0.0,0.0,0.0,0,0.0,0.0,0.0,2024-11-20
2024-01-07,0.0,0.0,0.0,0.0,0.0,0.0,0.0,0.0,0,0.0,0.0,0.0,2024-11-20
2024-01-14,0.0,0.0,0.0,0.0,0.0,0.0,0.0,0.0,0,0.0,0.0,0.0,2024-11-20
2024-01-21,0.0,0.0,0.0,0.0,0.0,0.0,0.0,0.0,0,0.0,0.0,0.0,2024-11-20
2024-01-28,0.0,0.0,0.0,0.0,0.0,0.0,0.0,0.0,0,0.0,0.0,0.0,2024-11-20
2024-02-04,0.0,0.0,0.0,0.0,0.0,0.0,0.0,0.0,0,0.0,0.0,0.0,2024-11-20
2024-02-11,0.0,0.0,0.0,0.0,0.0,0.0,0.0,0.0,0,0.0,0.0,0.0,2024-11-20
2024-02-18,0.0,0.0,0.0,0.0,0.0,0.0,0.0,0.0,0,0.0,0.0,0.0,2024-11-20
2024-02-25,0.0,0.0,0.0,0.0,0.0,0.0,0.0,0.0,0,0.0,0.0,0.0,2024-11-20
2024-03-03,0.0,0.0,0.0,0.0,0.0,0.0,0.0,0.0,0,0.0,0.0,0.0,2024-11-20
2024-03-10,0.0,0.0,0.0,0.0,0.0,0.0,0.0,0.0,0,0.0,0.0,0.0,2024-11-20
2024-03-17,0.0,0.0,0.0,0.0,0.0,0.0,0.0,0.0,0,0.0,0.0,0.0,2024-11-20
2024-03-24,0.0,0.0,0.0,0.0,0.0,0.0,0.0,0.0,0,0.0,0.0,0.0,2024-11-20
2024-03-31,0.0,0.0,0.0,0.0,0.0,0.0,0.0,0.0,0,0.0,0.0,0.0,2024-11-20
2024-04-07,0.0,0.0,0.0,0.0,0.0,0.0,0.0,0.0,1,0.0,0.0,0.0,2024-11-20
2024-04-14,0.0,0.0,0.0,0.0,0.0,0.0,0.0,0.0,0,0.0,0.0,0.0,2024-11-20
2024-04-21,0.0,0.0,0.0,0.0,0.0,0.0,0.0,0.0,0,0.0,0.0,0.0,2024-11-20
2024-04-28,0.0,0.0,0.0,0.0,0.0,0.0,0.0,0.0,0,0.0,0.0,0.0,2024-11-20
2024-05-05,0.0,0.0,0.0,0.0,0.0,0.0,0.0,0.0,0,0.0,0.0,0.0,2024-11-20
2024-05-12,0.0,0.0,0.0,0.0,0.0,0.0,0.0,0.0,0,0.0,0.0,0.0,2024-11-20
2024-05-19,0.0,0.0,0.0,0.0,0.0,0.0,0.0,0.0,0,0.0,0.0,0.0,2024-11-20
2024-05-26,0.0,0.0,0.0,0.0,0.0,0.0,0.0,0.0,0,0.0,0.0,0.0,2024-11-20
2024-06-02,0.0,0.0,0.0,0.0,0.0,0.0,0.0,0.0,0,0.0,0.0,0.0,2024-11-20
2024-06-09,0.0,0.0,0.0,0.0,0.0,0.0,0.0,0.0,0,0.0,0.0,0.0,2024-11-20
2024-06-16,0.0,0.0,0.0,0.0,0.0,0.0,0.0,0.0,0,0.0,0.0,0.0,2024-11-20
2024-06-23,0.0,0.0,0.0,0.0,0.0,0.0,0.0,0.0,0,0.0,0.0,0.0,2024-11-20
2024-06-30,0.0,0.0,0.0,0.0,0.0,0.0,0.0,0.0,2,0.0,0.0,0.0,2024-11-20
2024-07-07,0.0,0.0,0.0,0.0,0.0,0.0,0.0,0.0,0,0.0,0.0,0.0,2024-11-20
2024-07-14,0.0,0.0,0.0,0.0,0.0,0.0,0.0,0.0,0,0.0,0.0,0.0,2024-11-20
2024-07-21,0.0,0.0,0.0,0.0,0.0,0.0,0.0,0.0,0,0.0,0.0,0.0,2024-11-20
2024-07-28,0.0,0.0,0.0,0.0,0.0,0.0,0.0,0.0,0,0.0,0.0,0.0,2024-11-20
2024-08-04,0.0,0.0,0.0,0.0,0.0,0.0,0.0,0.0,0,0.0,0.0,0.0,2024-11-20
2024-08-11,0.0,0.0,0.0,0.0,0.0,0.0,0.0,0.0,0,0.0,0.0,0.0,2024-11-20
2024-08-18,0.0,0.0,0.0,0.0,0.0,0.0,0.0,0.0,0,0.0,0.0,0.0,2024-11-20
2024-08-25,0.0,0.0,0.0,0.0,0.0,0.0,0.0,0.0,0,0.0,0.0,0.0,2024-11-20
2024-09-01,0.0,0.0,0.0,0.0,0.0,0.0,0.0,0.0,0,0.0,0.0,0.0,2024-11-20
2024-09-08,0.0,0.0,0.0,0.0,0.0,0.0,0.0,0.0,0,0.0,0.0,0.0,2024-11-20
2024-09-15,0.0,0.0,0.0,0.0,0.0,0.0,0.0,0.0,0,0.0,0.0,0.0,2024-11-20
2024-09-22,0.0,0.0,0.0,0.0,0.0,0.0,0.0,0.0,0,0.0,0.0,0.0,2024-11-20
2024-09-29,0.0,0.0,0.0,0.0,0.0,0.0,0.0,0.0,0,0.0,0.0,0.0,2024-11-20
2024-10-06,0.0,0.0,0.0,0.0,0.0,0.0,0.0,0.0,0,0.0,0.0,0.0,2024-11-20
2024-10-13,0.0,0.0,0.0,0.0,0.0,0.0,0.0,0.0,0,0.0,0.0,0.0,2024-11-20
2024-10-20,0.0,0.0,0.0,0.0,0.0,0.0,0.0,0.0,0,0.0,0.0,0.0,2024-11-20
2024-10-27,0.0,0.0,0.0,0.0,0.0,0.0,0.0,0.0,0,0.0,0.0,0.0,2024-11-20
2024-11-03,0.0,0.0,0.0,0.0,0.0,0.0,0.0,0.0,0,0.0,0.0,0.0,2024-11-20
2024-11-07,3.0,0.0,45.0,0.0,4.0,18.0,6.0,6.0,0,306.0,14.0,6251.0,2024-11-20
2024-11-08,3.0,0.0,45.0,0.0,4.0,18.0,6.0,6.0,0,306.0,58.0,6285.0,2024-11-21
2024-11-09,3.0,0.0,45.0,0.0,4.0,18.0,6.0,6.0,0,306.0,3.0,6288.0,2024-11-21
2024-11-10,3.0,0.0,45.0,0.0,4.0,18.0,6.0,6.0,0,306.0,2.0,6290.0,2024-11-21
2024-11-11,3.0,0.0,45.0,0.0,4.0,18.0,6.0,6.0,0,306.0,56.0,6346.0,2024-11-21
2024-11-12,3.0,0.0,45.0,0.0,4.0,18.0,6.0,6.0,0,306.0,28.0,6356.0,2024-11-25
2024-11-13,3.0,0.0,45.0,0.0,4.0,18.0,6.0,6.0,0,306.0,24.0,6380.0,2024-11-25
2024-11-14,3.0,0.0,45.0,0.0,4.0,18.0,6.0,6.0,0,306.0,38.0,6418.0,2024-11-25
2024-11-15,3.0,0.0,45.0,0.0,4.0,18.0,6.0,6.0,0,306.0,30.0,6448.0,2024-11-25
2024-11-16,3.0,0.0,45.0,0.0,4.0,18.0,6.0,6.0,0,306.0,2.0,6450.0,2024-11-25
2024-11-17,3.0,0.0,45.0,0.0,4.0,18.0,6.0,6.0,0,306.0,23.0,6473.0,2024-11-25
2024-11-18,3.0,0.0,45.0,0.0,4.0,18.0,6.0,6.0,0,306.0,34.0,6507.0,2024-11-25
2024-11-19,3.0,0.0,45.0,0.0,4.0,19.0,6.0,6.0,0,306.0,37.0,6094.0,2024-12-02
2024-11-20,3.0,0.0,45.0,0.0,4.0,19.0,6.0,6.0,0,306.0,40.0,6134.0,2024-12-02
2024-11-21,3.0,0.0,45.0,0.0,4.0,19.0,6.0,6.0,0,306.0,23.0,6157.0,2024-12-02
2024-11-22,3.0,0.0,45.0,0.0,4.0,19.0,6.0,6.0,0,306.0,21.0,6178.0,2024-12-02
2024-11-23,3.0,0.0,45.0,0.0,4.0,19.0,6.0,6.0,0,306.0,24.0,6202.0,2024-12-02
2024-11-24,3.0,0.0,45.0,0.0,4.0,19.0,6.0,6.0,0,306.0,2.0,6204.0,2024-12-02
2024-11-25,3.0,0.0,45.0,0.0,4.0,19.0,6.0,6.0,0,306.0,11.0,6215.0,2024-12-02
2024-11-26,3.0,0.0,45.0,0.0,4.0,19.0,6.0,6.0,0,306.0,9.0,5974.0,2024-12-09
2024-11-27,3.0,0.0,45.0,0.0,4.0,19.0,6.0,6.0,0,306.0,16.0,5990.0,2024-12-09
2024-11-28,3.0,0.0,45.0,0.0,4.0,19.0,6.0,6.0,0,306.0,4.0,5994.0,2024-12-09
2024-11-29,3.0,0.0,45.0,0.0,4.0,19.0,6.0,6.0,0,306.0,12.0,6006.0,2024-12-09
2024-11-30,3.0,0.0,45.0,0.0,4.0,19.0,6.0,6.0,0,306.0,2.0,6008.0,2024-12-09
2024-12-01,3.0,0.0,45.0,0.0,4.0,19.0,6.0,6.0,0,306.0,0.0,6008.0,2024-12-09
2024-12-02,3.0,0.0,45.0,0.0,4.0,19.0,6.0,6.0,0,306.0,16.0,6024.0,2024-12-09
2024-12-03,3.0,0.0,45.0,0.0,4.0,19.0,6.0,6.0,0,306.0,26.0,5709.0,2024-12-16
2024-12-04,3.0,0.0,45.0,0.0,4.0,19.0,6.0,6.0,0,306.0,13.0,5722.0,2024-12-16
2024-12-05,3.0,0.0,45.0,0.0,4.0,19.0,6.0,6.0,0,306.0,14.0,5736.0,2024-12-16
2024-12-06,3.0,0.0,45.0,0.0,4.0,19.0,6.0,6.0,0,306.0,11.0,5747.0,2024-12-16
2024-12-07,3.0,0.0,45.0,0.0,4.0,19.0,6.0,6.0,0,306.0,3.0,5750.0,2024-12-16
2024-12-08,3.0,0.0,45.0,0.0,4.0,19.0,6.0,6.0,0,306.0,20.0,5770.0,2024-12-16
2024-12-09,3.0,0.0,45.0,0.0,4.0,19.0,6.0,6.0,0,306.0,14.0,5784.0,2024-12-16
2024-12-10,3.0,0.0,45.0,0.0,4.0,19.0,6.0,6.0,0,306.0,39.0,5711.0,2024-12-23
2024-12-11,3.0,0.0,45.0,0.0,4.0,19.0,6.0,6.0,0,306.0,8.0,5719.0,2024-12-23
2024-12-12,3.0,0.0,45.0,0.0,4.0,19.0,6.0,6.0,0,306.0,4.0,5723.0,2024-12-23
2024-12-13,3.0,0.0,45.0,0.0,4.0,19.0,6.0,6.0,0,306.0,31.0,5754.0,2024-12-23
2024-12-14,3.0,0.0,45.0,0.0,4.0,19.0,6.0,6.0,0,306.0,23.0,5777.0,2024-12-23
2024-12-15,3.0,0.0,45.0,0.0,4.0,19.0,6.0,6.0,0,306.0,1.0,5778.0,2024-12-23
2024-12-16,3.0,0.0,45.0,0.0,4.0,19.0,6.0,6.0,0,306.0,7.0,5785.0,2024-12-23
2024-12-17,3.0,0.0,45.0,0.0,4.0,19.0,6.0,6.0,0,306.0,27.0,5667.0,2024-12-30
2024-12-18,3.0,0.0,45.0,0.0,4.0,19.0,6.0,6.0,0,306.0,7.0,5674.0,2024-12-30
2024-12-19,3.0,0.0,45.0,0.0,4.0,19.0,6.0,6.0,0,306.0,28.0,5702.0,2024-12-30
2024-12-20,3.0,0.0,45.0,0.0,4.0,19.0,6.0,6.0,0,306.0,53.0,5755.0,2024-12-30
2024-12-21,3.0,0.0,45.0,0.0,4.0,19.0,6.0,6.0,0,306.0,0.0,5755.0,2024-12-30
2024-12-22,3.0,0.0,45.0,0.0,4.0,19.0,6.0,6.0,0,306.0,0.0,5755.0,2024-12-30
2024-12-23,3.0,0.0,45.0,0.0,4.0,19.0,6.0,6.0,0,306.0,8.0,5763.0,2024-12-30
2024-12-24,3.0,0.0,45.0,0.0,4.0,19.0,6.0,6.0,0,306.0,0.0,5673.0,2025-01-06
2024-12-25,3.0,0.0,45.0,0.0,4.0,19.0,6.0,6.0,0,306.0,0.0,5673.0,2025-01-06
2024-12-26,3.0,0.0,45.0,0.0,4.0,19.0,6.0,6.0,0,306.0,23.0,5673.0,2025-01-06
2024-12-27,3.0,0.0,45.0,0.0,4.0,19.0,6.0,6.0,0,306.0,26.0,5699.0,2025-01-06
2024-12-28,3.0,0.0,45.0,0.0,4.0,19.0,6.0,6.0,0,306.0,22.0,5721.0,2025-01-06
2024-12-29,3.0,0.0,45.0,0.0,4.0,19.0,6.0,6.0,0,306.0,4.0,5725.0,2025-01-06
2024-12-30,3.0,0.0,45.0,0.0,4.0,19.0,6.0,6.0,0,306.0,14.0,5739.0,2025-01-06
2024-12-31,3.0,0.0,45.0,0.0,4.0,19.0,6.0,6.0,0,306.0,4.0,5576.0,2025-01-13
2025-01-01,3.0,0.0,45.0,0.0,4.0,19.0,6.0,6.0,0,306.0,11.0,5587.0,2025-01-13
2025-01-02,3.0,0.0,45.0,0.0,4.0,19.0,6.0,6.0,0,306.0,17.0,5604.0,2025-01-13
2025-01-03,3.0,0.0,45.0,0.0,4.0,19.0,6.0,6.0,0,306.0,10.0,5614.0,2025-01-13
2025-01-04,3.0,0.0,45.0,0.0,4.0,19.0,6.0,6.0,0,306.0,6.0,5620.0,2025-01-13
2025-01-05,3.0,0.0,45.0,0.0,4.0,19.0,6.0,6.0,0,306.0,3.0,5623.0,2025-01-13
2025-01-06,3.0,0.0,45.0,0.0,4.0,19.0,6.0,6.0,0,306.0,8.0,5631.0,2025-01-13
2025-01-07,3.0,0.0,45.0,0.0,4.0,19.0,6.0,6.0,0,306.0,18.0,5092.0,2025-01-20
2025-01-08,3.0,0.0,45.0,0.0,4.0,19.0,6.0,6.0,0,306.0,17.0,5109.0,2025-01-20
2025-01-09,3.0,0.0,45.0,0.0,4.0,19.0,6.0,6.0,0,306.0,86.0,5195.0,2025-01-20
2025-01-10,3.0,0.0,45.0,0.0,4.0,19.0,6.0,6.0,0,306.0,155.0,5350.0,2025-01-20
2025-01-11,3.0,0.0,45.0,0.0,4.0,19.0,6.0,6.0,0,306.0,74.0,5424.0,2025-01-20
2025-01-12,3.0,0.0,45.0,0.0,4.0,19.0,6.0,6.0,0,306.0,46.0,5470.0,2025-01-20
2025-01-13,3.0,0.0,45.0,0.0,4.0,19.0,6.0,6.0,0,306.0,31.0,5501.0,2025-01-20
2025-01-14,3.0,0.0,45.0,0.0,4.0,19.0,6.0,6.0,0,306.0,49.0,5377.0,2025-01-27
2025-01-15,3.0,0.0,45.0,0.0,4.0,19.0,6.0,6.0,0,306.0,33.0,5410.0,2025-01-27
2025-01-16,3.0,0.0,45.0,0.0,4.0,19.0,6.0,6.0,0,306.0,69.0,5479.0,2025-01-27
2025-01-17,3.0,0.0,45.0,0.0,4.0,19.0,6.0,6.0,0,306.0,76.0,5555.0,2025-01-27
2025-01-18,3.0,0.0,45.0,0.0,4.0,19.0,6.0,6.0,0,306.0,18.0,5573.0,2025-01-27
2025-01-19,3.0,0.0,45.0,0.0,4.0,19.0,6.0,6.0,0,306.0,2.0,5575.0,2025-01-27
2025-01-20,3.0,0.0,45.0,0.0,4.0,19.0,6.0,6.0,0,306.0,142.0,5717.0,2025-01-27
2025-01-21,3.0,0.0,45.0,0.0,4.0,19.0,6.0,6.0,0,306.0,66.0,5670.0,2025-02-03
2025-01-22,3.0,0.0,45.0,0.0,4.0,19.0,6.0,6.0,0,306.0,41.0,5711.0,2025-02-03
2025-01-23,3.0,0.0,45.0,0.0,4.0,19.0,6.0,6.0,0,306.0,139.0,5850.0,2025-02-03
2025-01-24,3.0,0.0,45.0,0.0,4.0,19.0,6.0,6.0,0,306.0,31.0,5881.0,2025-02-03
2025-01-25,3.0,0.0,45.0,0.0,4.0,19.0,6.0,6.0,0,306.0,1.0,5882.0,2025-02-03
2025-01-26,3.0,0.0,45.0,0.0,4.0,19.0,6.0,6.0,0,306.0,7.0,5889.0,2025-02-03
2025-01-27,3.0,0.0,45.0,0.0,4.0,19.0,6.0,6.0,0,306.0,37.0,5926.0,2025-02-03
2025-01-28,3.0,0.0,45.0,0.0,12.0,19.0,6.0,6.0,0,306.0,25.0,5905.0,2025-02-10
2025-01-29,3.0,0.0,45.0,0.0,12.0,19.0,6.0,6.0,0,306.0,32.0,5937.0,2025-02-10
2025-01-30,3.0,0.0,45.0,0.0,12.0,19.0,6.0,6.0,0,306.0,30.0,5967.0,2025-02-10
2025-01-31,3.0,0.0,45.0,0.0,12.0,19.0,6.0,6.0,0,306.0,36.0,6003.0,2025-02-10
2025-02-01,3.0,0.0,45.0,0.0,12.0,19.0,6.0,6.0,0,306.0,9.0,6012.0,2025-02-10
2025-02-02,3.0,0.0,45.0,0.0,12.0,19.0,6.0,6.0,0,306.0,20.0,6032.0,2025-02-10
2025-02-03,3.0,0.0,45.0,0.0,12.0,19.0,6.0,6.0,0,306.0,70.0,6102.0,2025-02-10
2025-02-04,3.0,0.0,45.0,0.0,12.0,19.0,6.0,6.0,0,306.0,111.0,6001.0,2025-02-17
2025-02-05,3.0,0.0,45.0,0.0,12.0,19.0,6.0,6.0,0,306.0,47.0,6048.0,2025-02-17
2025-02-06,3.0,0.0,45.0,0.0,12.0,19.0,6.0,6.0,0,306.0,28.0,6076.0,2025-02-17
2025-02-07,3.0,0.0,45.0,0.0,12.0,19.0,6.0,6.0,0,306.0,32.0,6108.0,2025-02-17
2025-02-08,3.0,0.0,45.0,0.0,12.0,19.0,6.0,6.0,0,306.0,32.0,6140.0,2025-02-17
2025-02-09,3.0,0.0,45.0,0.0,12.0,19.0,6.0,6.0,0,306.0,9.0,6149.0,2025-02-17
2025-02-10,3.0,0.0,45.0,0.0,12.0,19.0,6.0,6.0,0,306.0,22.0,6171.0,2025-02-17
2025-02-11,3.0,0.0,45.0,0.0,12.0,19.0,6.0,6.0,0,306.0,0.0,6110.0,2025-02-24
2025-02-12,3.0,0.0,45.0,0.0,12.0,19.0,6.0,6.0,0,306.0,25.0,6110.0,2025-02-24
2025-02-13,3.0,0.0,45.0,0.0,12.0,19.0,6.0,6.0,0,306.0,100.0,6210.0,2025-02-24
2025-02-14,3.0,0.0,45.0,0.0,12.0,19.0,6.0,6.0,0,306.0,30.0,6240.0,2025-02-24
2025-02-15,3.0,0.0,45.0,0.0,12.0,19.0,6.0,6.0,0,306.0,4.0,6244.0,2025-02-24
2025-02-16,3.0,0.0,45.0,0.0,12.0,19.0,6.0,6.0,0,306.0,4.0,6248.0,2025-02-24
2025-02-17,3.0,0.0,45.0,0.0,12.0,19.0,6.0,6.0,0,306.0,13.0,6261.0,2025-02-24
2025-02-18,3.0,0.0,45.0,0.0,12.0,19.0,6.0,6.0,0,306.0,29.0,6214.0,2025-03-03
2025-02-19,3.0,0.0,45.0,0.0,12.0,19.0,6.0,6.0,0,306.0,57.0,6271.0,2025-03-03
2025-02-20,3.0,0.0,45.0,0.0,12.0,19.0,6.0,6.0,0,306.0,22.0,6293.0,2025-03-03
2025-02-21,3.0,0.0,45.0,0.0,12.0,19.0,6.0,6.0,0,306.0,68.0,6361.0,2025-03-03
2025-02-22,3.0,0.0,45.0,0.0,12.0,19.0,6.0,6.0,0,306.0,49.0,6410.0,2025-03-03
2025-02-23,3.0,0.0,45.0,0.0,12.0,19.0,6.0,6.0,0,306.0,44.0,6454.0,2025-03-03
2025-02-24,3.0,0.0,45.0,0.0,12.0,19.0,6.0,6.0,0,306.0,73.0,6527.0,2025-03-03
2025-02-25,3.0,0.0,45.0,0.0,12.0,19.0,5.0,6.0,0,306.0,53.0,6522.0,2025-03-10
2025-02-26,3.0,0.0,45.0,0.0,12.0,19.0,5.0,6.0,0,306.0,31.0,6553.0,2025-03-10
2025-02-27,3.0,0.0,45.0,0.0,12.0,19.0,5.0,6.0,0,306.0,31.0,6584.0,2025-03-10
2025-02-28,3.0,0.0,45.0,0.0,12.0,19.0,5.0,6.0,0,306.0,53.0,6637.0,2025-03-10
2025-03-01,3.0,0.0,45.0,0.0,12.0,19.0,5.0,6.0,0,306.0,13.0,6650.0,2025-03-10
2025-03-02,3.0,0.0,45.0,0.0,12.0,19.0,5.0,6.0,0,306.0,6.0,6656.0,2025-03-10
2025-03-03,3.0,0.0,45.0,0.0,12.0,19.0,5.0,6.0,0,306.0,15.0,6671.0,2025-03-10
2025-03-04,3.0,0.0,45.0,0.0,12.0,20.0,5.0,6.0,0,306.0,16.0,6530.0,2025-03-17
2025-03-05,3.0,0.0,45.0,0.0,12.0,20.0,5.0,6.0,0,306.0,27.0,6557.0,2025-03-17
2025-03-06,3.0,0.0,45.0,0.0,12.0,20.0,5.0,6.0,0,306.0,27.0,6584.0,2025-03-17
2025-03-07,3.0,0.0,45.0,0.0,12.0,20.0,5.0,6.0,0,306.0,20.0,6604.0,2025-03-17
2025-03-08,3.0,0.0,45.0,0.0,12.0,20.0,5.0,6.0,0,306.0,4.0,6608.0,2025-03-17
2025-03-09,3.0,0.0,45.0,0.0,12.0,20.0,5.0,6.0,0,306.0,14.0,6622.0,2025-03-17
2025-03-10,3.0,0.0,45.0,0.0,12.0,20.0,5.0,6.0,0,306.0,31.0,6653.0,2025-03-17
2025-03-11,3.0,0.0,45.0,0.0,12.0,20.0,5.0,6.0,0,306.0,48.0,6701.0,2025-03-17
2025-03-12,3.0,0.0,45.0,0.0,12.0,20.0,5.0,6.0,0,306.0,17.0,6718.0,2025-03-17
2025-03-13,3.0,0.0,45.0,0.0,12.0,20.0,5.0,6.0,0,306.0,16.0,6734.0,2025-03-17
2025-03-14,3.0,0.0,45.0,0.0,12.0,20.0,5.0,6.0,0,306.0,25.0,6759.0,2025-03-17
2025-03-15,3.0,0.0,45.0,0.0,12.0,20.0,5.0,6.0,0,306.0,22.0,6781.0,2025-03-17
2025-03-16,3.0,0.0,45.0,0.0,12.0,20.0,5.0,6.0,0,306.0,25.0,6806.0,2025-03-17
2025-03-17,3.0,0.0,45.0,0.0,12.0,20.0,5.0,6.0,0,306.0,0.0,6806.0,2025-03-17
